"id","country_id","state_id","fa_name","en_name","lat","lng","osm_id","is_popular","is_active","created_at","updated_at"
"1","1","1","آران و بیدگل",NULL,NULL,NULL,NULL,"0","1","2026-02-21 15:29:48","2026-02-21 15:29:48"
"2","1","2","گرمسار",NULL,NULL,NULL,NULL,"0","1","2026-02-21 15:29:48","2026-02-21 15:29:48"
"3","1","3","سراب",NULL,NULL,NULL,NULL,"0","1","2026-02-21 15:29:48","2026-02-21 15:29:48"
"4","1","4","بوشهر",NULL,NULL,NULL,NULL,"0","1","2026-02-21 15:29:48","2026-02-21 15:29:48"
"5","1","5","لاهیجان",NULL,NULL,NULL,NULL,"0","1","2026-02-21 15:29:48","2026-02-21 15:29:48"
"6","1","6","طبس",NULL,NULL,NULL,NULL,"0","1","2026-02-21 15:29:48","2026-02-21 15:29:48"
"7","1","7","مشهد",NULL,NULL,NULL,NULL,"0","1","2026-02-21 15:29:48","2026-02-21 15:29:48"
"8","1","6","بیرجند",NULL,NULL,NULL,NULL,"0","1","2026-02-21 15:29:48","2026-02-21 15:29:48"
"9","1","8","عباس آباد",NULL,NULL,NULL,NULL,"0","1","2026-02-21 15:29:48","2026-02-21 15:29:48"
"10","1","9","اهواز",NULL,NULL,NULL,NULL,"0","1","2026-02-21 15:29:48","2026-02-21 15:29:48"
"11","1","5","املش",NULL,NULL,NULL,NULL,"0","1","2026-02-21 15:29:48","2026-02-21 15:29:48"
"12","1","2","سمنان",NULL,NULL,NULL,NULL,"0","1","2026-02-21 15:29:48","2026-02-21 15:29:48"
"13","1","8","نکا",NULL,NULL,NULL,NULL,"0","1","2026-02-21 15:29:48","2026-02-21 15:29:48"
"14","1","10","الیگودرز",NULL,NULL,NULL,NULL,"0","1","2026-02-21 15:29:48","2026-02-21 15:29:48"
"15","1","11","گچسر",NULL,NULL,NULL,NULL,"0","1","2026-02-21 15:29:48","2026-02-21 15:29:48"
"16","1","12","بندر گز",NULL,NULL,NULL,NULL,"0","1","2026-02-21 15:29:48","2026-02-21 15:29:48"
"17","1","8","بابلسر",NULL,NULL,NULL,NULL,"0","1","2026-02-21 15:29:48","2026-02-21 15:29:48"
"18","1","9","خرمشهر",NULL,NULL,NULL,NULL,"0","1","2026-02-21 15:29:48","2026-02-21 15:29:48"
"19","1","13","ملایر",NULL,NULL,NULL,NULL,"0","1","2026-02-21 15:29:48","2026-02-21 15:29:48"
"20","1","14","جهرم",NULL,NULL,NULL,NULL,"0","1","2026-02-21 15:29:48","2026-02-21 15:29:48"
"21","1","15","میبد",NULL,NULL,NULL,NULL,"0","1","2026-02-21 15:29:48","2026-02-21 15:29:48"
"22","1","5","رودبار",NULL,NULL,NULL,NULL,"0","1","2026-02-21 15:29:48","2026-02-21 15:29:48"
"23","1","16","گچساران",NULL,NULL,NULL,NULL,"0","1","2026-02-21 15:29:48","2026-02-21 15:29:48"
"24","1","7","سبزوار",NULL,NULL,NULL,NULL,"0","1","2026-02-21 15:29:48","2026-02-21 15:29:48"
"25","1","9","آبادان",NULL,NULL,NULL,NULL,"0","1","2026-02-21 15:29:48","2026-02-21 15:29:48"
"26","1","14","فیروزآباد",NULL,NULL,NULL,NULL,"0","1","2026-02-21 15:29:48","2026-02-21 15:29:48"
"27","1","17","ساوه",NULL,NULL,NULL,NULL,"0","1","2026-02-21 15:29:48","2026-02-21 15:29:48"
"28","1","8","چالوس",NULL,NULL,NULL,NULL,"0","1","2026-02-21 15:29:48","2026-02-21 15:29:48"
"29","1","7","نیشابور",NULL,NULL,NULL,NULL,"0","1","2026-02-21 15:29:48","2026-02-21 15:29:48"
"30","1","5","صومعه سرا",NULL,NULL,NULL,NULL,"0","1","2026-02-21 15:29:48","2026-02-21 15:29:48"
"31","1","10","دورود",NULL,NULL,NULL,NULL,"0","1","2026-02-21 15:29:48","2026-02-21 15:29:48"
"32","1","18","دماوند",NULL,NULL,NULL,NULL,"0","1","2026-02-21 15:29:48","2026-02-21 15:29:48"
"33","1","19","زنجان",NULL,NULL,NULL,NULL,"0","1","2026-02-21 15:29:48","2026-02-21 15:29:48"
"34","1","20","ایلام",NULL,NULL,NULL,NULL,"0","1","2026-02-21 15:29:48","2026-02-21 15:29:48"
"35","1","12","خان به بین",NULL,NULL,NULL,NULL,"0","1","2026-02-21 15:29:48","2026-02-21 15:29:48"
"36","1","1","نائین",NULL,NULL,NULL,NULL,"0","1","2026-02-21 15:29:48","2026-02-21 15:29:48"
"37","1","14","داراب",NULL,NULL,NULL,NULL,"0","1","2026-02-21 15:29:48","2026-02-21 15:29:48"
"38","1","5","رودسر",NULL,NULL,NULL,NULL,"0","1","2026-02-21 15:29:48","2026-02-21 15:29:48"
"39","1","18","تهران","Tehran",NULL,NULL,NULL,"0","1","2026-02-21 15:29:48","2026-02-21 15:29:48"
"40","1","12","رامیان",NULL,NULL,NULL,NULL,"0","1","2026-02-21 15:29:48","2026-02-21 15:29:48"
"41","1","13","همدان",NULL,NULL,NULL,NULL,"0","1","2026-02-21 15:29:49","2026-02-21 15:29:49"
"42","1","1","اصفهان",NULL,NULL,NULL,NULL,"0","1","2026-02-21 15:29:49","2026-02-21 15:29:49"
"43","1","14","استهبان",NULL,NULL,NULL,NULL,"0","1","2026-02-21 15:29:49","2026-02-21 15:29:49"
"44","1","8","آمل",NULL,NULL,NULL,NULL,"0","1","2026-02-21 15:29:49","2026-02-21 15:29:49"
"45","1","21","بیستون",NULL,NULL,NULL,NULL,"0","1","2026-02-21 15:29:49","2026-02-21 15:29:49"
"46","1","1","کاشان",NULL,NULL,NULL,NULL,"0","1","2026-02-21 15:29:49","2026-02-21 15:29:49"
"47","1","3","جلفا",NULL,NULL,NULL,NULL,"0","1","2026-02-21 15:29:49","2026-02-21 15:29:49"
"48","1","1","قمصر",NULL,NULL,NULL,NULL,"0","1","2026-02-21 15:29:49","2026-02-21 15:29:49"
"49","1","21","کرمانشاه",NULL,NULL,NULL,NULL,"0","1","2026-02-21 15:29:49","2026-02-21 15:29:49"
"50","1","8","سوادکوه",NULL,NULL,NULL,NULL,"0","1","2026-02-21 15:29:49","2026-02-21 15:29:49"
"51","1","22","شهرکرد",NULL,NULL,NULL,NULL,"0","1","2026-02-21 15:29:49","2026-02-21 15:29:49"
"52","1","23","کیش",NULL,NULL,NULL,NULL,"0","1","2026-02-21 15:29:49","2026-02-21 15:29:49"
"53","1","11","دیزین",NULL,NULL,NULL,NULL,"0","1","2026-02-21 15:29:49","2026-02-21 15:29:49"
"54","1","24","اردبیل",NULL,NULL,NULL,NULL,"0","1","2026-02-21 15:29:49","2026-02-21 15:29:49"
"55","1","3","مرند",NULL,NULL,NULL,NULL,"0","1","2026-02-21 15:29:49","2026-02-21 15:29:49"
"56","1","13","لالجین",NULL,NULL,NULL,NULL,"0","1","2026-02-21 15:29:49","2026-02-21 15:29:49"
"57","1","25","چابهار",NULL,NULL,NULL,NULL,"0","1","2026-02-21 15:29:49","2026-02-21 15:29:49"
"58","1","5","بندر انزلی",NULL,NULL,NULL,NULL,"0","1","2026-02-21 15:29:49","2026-02-21 15:29:49"
"59","1","26","قلعه گنج",NULL,NULL,NULL,NULL,"0","1","2026-02-21 15:29:49","2026-02-21 15:29:49"
"60","1","15","رضوانشهر",NULL,NULL,NULL,NULL,"0","1","2026-02-21 15:29:49","2026-02-21 15:29:49"
"61","1","8","لاریجان",NULL,NULL,NULL,NULL,"0","1","2026-02-21 15:29:49","2026-02-21 15:29:49"
"62","1","15","ابرکوه",NULL,NULL,NULL,NULL,"0","1","2026-02-21 15:29:49","2026-02-21 15:29:49"
"63","1","27","قم",NULL,NULL,NULL,NULL,"0","1","2026-02-21 15:29:49","2026-02-21 15:29:49"
"64","1","8","نوشهر",NULL,NULL,NULL,NULL,"0","1","2026-02-21 15:29:49","2026-02-21 15:29:49"
"65","1","5","لنگرود",NULL,NULL,NULL,NULL,"0","1","2026-02-21 15:29:49","2026-02-21 15:29:49"
"66","1","28","بناب",NULL,NULL,NULL,NULL,"0","1","2026-02-21 15:29:49","2026-02-21 15:29:49"
"67","1","14","لار",NULL,NULL,NULL,NULL,"0","1","2026-02-21 15:29:49","2026-02-21 15:29:49"
"68","1","29","قزوین",NULL,NULL,NULL,NULL,"0","1","2026-02-21 15:29:49","2026-02-21 15:29:49"
"69","1","14","شیراز",NULL,NULL,NULL,NULL,"0","1","2026-02-21 15:29:49","2026-02-21 15:29:49"
"70","1","10","خرم آباد",NULL,NULL,NULL,NULL,"0","1","2026-02-21 15:29:49","2026-02-21 15:29:49"
"71","1","17","دلیجان",NULL,NULL,NULL,NULL,"0","1","2026-02-21 15:29:49","2026-02-21 15:29:49"
"72","1","15","یزد",NULL,NULL,NULL,NULL,"0","1","2026-02-21 15:29:49","2026-02-21 15:29:49"
"73","1","1","خور و بیابانک",NULL,NULL,NULL,NULL,"0","1","2026-02-21 15:29:49","2026-02-21 15:29:49"
"74","1","17","تفرش",NULL,NULL,NULL,NULL,"0","1","2026-02-21 15:29:49","2026-02-21 15:29:49"
"75","1","30","آبیدر",NULL,NULL,NULL,NULL,"0","1","2026-02-21 15:29:49","2026-02-21 15:29:49"
"76","1","16","یاسوج",NULL,NULL,NULL,NULL,"0","1","2026-02-21 15:29:49","2026-02-21 15:29:49"
"77","1","29","تاکستان",NULL,NULL,NULL,NULL,"0","1","2026-02-21 15:29:49","2026-02-21 15:29:49"
"78","1","6","فردوس",NULL,NULL,NULL,NULL,"0","1","2026-02-21 15:29:49","2026-02-21 15:29:49"
"79","1","5","تالش",NULL,NULL,NULL,NULL,"0","1","2026-02-21 15:29:49","2026-02-21 15:29:49"
"80","1","5","فومن",NULL,NULL,NULL,NULL,"0","1","2026-02-21 15:29:49","2026-02-21 15:29:49"
"81","1","1","اردهال",NULL,NULL,NULL,NULL,"0","1","2026-02-21 15:29:49","2026-02-21 15:29:49"
"82","1","1","زواره",NULL,NULL,NULL,NULL,"0","1","2026-02-21 15:29:49","2026-02-21 15:29:49"
"83","1","3","مراغه",NULL,NULL,NULL,NULL,"0","1","2026-02-21 15:29:49","2026-02-21 15:29:49"
"84","1","29","الموت",NULL,NULL,NULL,NULL,"0","1","2026-02-21 15:29:49","2026-02-21 15:29:49"
"85","1","8","جواهرده",NULL,NULL,NULL,NULL,"0","1","2026-02-21 15:29:49","2026-02-21 15:29:49"
"86","1","14","مرودشت",NULL,NULL,NULL,NULL,"0","1","2026-02-21 15:29:49","2026-02-21 15:29:49"
"87","1","17","محلات",NULL,NULL,NULL,NULL,"0","1","2026-02-21 15:29:49","2026-02-21 15:29:49"
"88","1","7","تربت جام",NULL,NULL,NULL,NULL,"0","1","2026-02-21 15:29:49","2026-02-21 15:29:49"
"89","1","9","بهبهان",NULL,NULL,NULL,NULL,"0","1","2026-02-21 15:29:49","2026-02-21 15:29:49"
"90","1","3","تبریز",NULL,NULL,NULL,NULL,"0","1","2026-02-21 15:29:49","2026-02-21 15:29:49"
"91","1","6","نهبندان",NULL,NULL,NULL,NULL,"0","1","2026-02-21 15:29:49","2026-02-21 15:29:49"
"92","1","26","سیرجان",NULL,NULL,NULL,NULL,"0","1","2026-02-21 15:29:49","2026-02-21 15:29:49"
"93","1","23","بندر عباس",NULL,NULL,NULL,NULL,"0","1","2026-02-21 15:29:49","2026-02-21 15:29:49"
"94","1","30","بانه",NULL,NULL,NULL,NULL,"0","1","2026-02-21 15:29:49","2026-02-21 15:29:49"
"95","1","31","شیروان",NULL,NULL,NULL,NULL,"0","1","2026-02-21 15:29:49","2026-02-21 15:29:49"
"96","1","8","کلاردشت",NULL,NULL,NULL,NULL,"0","1","2026-02-21 15:29:49","2026-02-21 15:29:49"
"97","1","4","بندر گناوه",NULL,NULL,NULL,NULL,"0","1","2026-02-21 15:29:49","2026-02-21 15:29:49"
"98","1","9","بندرماهشهر",NULL,NULL,NULL,NULL,"0","1","2026-02-21 15:29:49","2026-02-21 15:29:49"
"99","1","12","گنبدکاووس",NULL,NULL,NULL,NULL,"0","1","2026-02-21 15:29:49","2026-02-21 15:29:49"
"100","1","1","خوانسار",NULL,NULL,NULL,NULL,"0","1","2026-02-21 15:29:49","2026-02-21 15:29:49"
"101","1","26","کرمان",NULL,NULL,NULL,NULL,"0","1","2026-02-21 15:29:49","2026-02-21 15:29:49"
"102","1","2","بسطام",NULL,NULL,NULL,NULL,"0","1","2026-02-21 15:29:49","2026-02-21 15:29:49"
"103","1","28","ماکو",NULL,NULL,NULL,NULL,"0","1","2026-02-21 15:29:49","2026-02-21 15:29:49"
"104","1","9","شوشتر",NULL,NULL,NULL,NULL,"0","1","2026-02-21 15:29:49","2026-02-21 15:29:49"
"105","1","8","تنکابن",NULL,NULL,NULL,NULL,"0","1","2026-02-21 15:29:49","2026-02-21 15:29:49"
"106","1","17","خمین",NULL,NULL,NULL,NULL,"0","1","2026-02-21 15:29:49","2026-02-21 15:29:49"
"107","1","14","فسا",NULL,NULL,NULL,NULL,"0","1","2026-02-21 15:29:49","2026-02-21 15:29:49"
"108","1","4","برازجان",NULL,NULL,NULL,NULL,"0","1","2026-02-21 15:29:49","2026-02-21 15:29:49"
"109","1","30","سقز",NULL,NULL,NULL,NULL,"0","1","2026-02-21 15:29:49","2026-02-21 15:29:49"
"110","1","3","اسکو",NULL,NULL,NULL,NULL,"0","1","2026-02-21 15:29:49","2026-02-21 15:29:49"
"111","1","5","زیبا کنار",NULL,NULL,NULL,NULL,"0","1","2026-02-21 15:29:49","2026-02-21 15:29:49"
"112","1","5","رشت",NULL,NULL,NULL,NULL,"0","1","2026-02-21 15:29:49","2026-02-21 15:29:49"
"113","1","24","خلخال",NULL,NULL,NULL,NULL,"0","1","2026-02-21 15:29:49","2026-02-21 15:29:49"
"114","1","21","پاوه",NULL,NULL,NULL,NULL,"0","1","2026-02-21 15:29:49","2026-02-21 15:29:49"
"115","1","14","آباده",NULL,NULL,NULL,NULL,"0","1","2026-02-21 15:29:49","2026-02-21 15:29:49"
"116","1","22","کوهرنگ",NULL,NULL,NULL,NULL,"0","1","2026-02-21 15:29:49","2026-02-21 15:29:49"
"117","1","12","کردکوی",NULL,NULL,NULL,NULL,"0","1","2026-02-21 15:29:49","2026-02-21 15:29:49"
"118","1","8","مرزن آباد",NULL,NULL,NULL,NULL,"0","1","2026-02-21 15:29:50","2026-02-21 15:29:50"
"119","1","8","بابل",NULL,NULL,NULL,NULL,"0","1","2026-02-21 15:29:50","2026-02-21 15:29:50"
"120","1","15","تفت",NULL,NULL,NULL,NULL,"0","1","2026-02-21 15:29:50","2026-02-21 15:29:50"
"121","1","12","آزادشهر",NULL,NULL,NULL,NULL,"0","1","2026-02-21 15:29:50","2026-02-21 15:29:50"
"122","1","5","کلاچای",NULL,NULL,NULL,NULL,"0","1","2026-02-21 15:29:50","2026-02-21 15:29:50"
"123","1","24","سرعین",NULL,NULL,NULL,NULL,"0","1","2026-02-21 15:29:50","2026-02-21 15:29:50"
"124","1","28","پیرانشهر",NULL,NULL,NULL,NULL,"0","1","2026-02-21 15:29:50","2026-02-21 15:29:50"
"125","1","8","فریدونکنار",NULL,NULL,NULL,NULL,"0","1","2026-02-21 15:29:50","2026-02-21 15:29:50"
"126","1","14","سروستان",NULL,NULL,NULL,NULL,"0","1","2026-02-21 15:29:50","2026-02-21 15:29:50"
"127","1","28","مهاباد",NULL,NULL,NULL,NULL,"0","1","2026-02-21 15:29:50","2026-02-21 15:29:50"
"128","1","1","داران",NULL,NULL,NULL,NULL,"0","1","2026-02-21 15:29:50","2026-02-21 15:29:50"
"129","1","25","زاهدان",NULL,NULL,NULL,NULL,"0","1","2026-02-21 15:29:50","2026-02-21 15:29:50"
"130","1","8","ساری",NULL,NULL,NULL,NULL,"0","1","2026-02-21 15:29:50","2026-02-21 15:29:50"
"131","1","12","گرگان",NULL,NULL,NULL,NULL,"0","1","2026-02-21 15:29:50","2026-02-21 15:29:50"
"132","1","28","ارومیه",NULL,NULL,NULL,NULL,"0","1","2026-02-21 15:29:50","2026-02-21 15:29:50"
"133","1","8","بهشهر",NULL,NULL,NULL,NULL,"0","1","2026-02-21 15:29:50","2026-02-21 15:29:50"
"134","1","30","سنندج",NULL,NULL,NULL,NULL,"0","1","2026-02-21 15:29:50","2026-02-21 15:29:50"
"135","1","26","ماهان",NULL,NULL,NULL,NULL,"0","1","2026-02-21 15:29:50","2026-02-21 15:29:50"
"136","1","25","ایرانشهر",NULL,NULL,NULL,NULL,"0","1","2026-02-21 15:29:50","2026-02-21 15:29:50"
"137","1","8","لاویج",NULL,NULL,NULL,NULL,"0","1","2026-02-21 15:29:50","2026-02-21 15:29:50"
"138","1","26","رفسنجان",NULL,NULL,NULL,NULL,"0","1","2026-02-21 15:29:50","2026-02-21 15:29:50"
"139","1","1","گلپایگان",NULL,NULL,NULL,NULL,"0","1","2026-02-21 15:29:50","2026-02-21 15:29:50"
"140","1","8","محمودآباد",NULL,NULL,NULL,NULL,"0","1","2026-02-21 15:29:50","2026-02-21 15:29:50"
"141","1","10","بروجرد",NULL,NULL,NULL,NULL,"0","1","2026-02-21 15:29:50","2026-02-21 15:29:50"
"142","1","30","مریوان",NULL,NULL,NULL,NULL,"0","1","2026-02-21 15:29:50","2026-02-21 15:29:50"
"143","1","1","نیاسر",NULL,NULL,NULL,NULL,"0","1","2026-02-21 15:29:50","2026-02-21 15:29:50"
"144","1","5","چابکسر",NULL,NULL,NULL,NULL,"0","1","2026-02-21 15:29:50","2026-02-21 15:29:50"
"145","1","7","سرخس",NULL,NULL,NULL,NULL,"0","1","2026-02-21 15:29:50","2026-02-21 15:29:50"
"146","1","8","سلمان شهر",NULL,NULL,NULL,NULL,"0","1","2026-02-21 15:29:50","2026-02-21 15:29:50"
"147","1","1","ابیانه",NULL,NULL,NULL,NULL,"0","1","2026-02-21 15:29:50","2026-02-21 15:29:50"
"148","1","14","سپیدان",NULL,NULL,NULL,NULL,"0","1","2026-02-21 15:29:50","2026-02-21 15:29:50"
"149","1","2","شاهرود",NULL,NULL,NULL,NULL,"0","1","2026-02-21 15:29:50","2026-02-21 15:29:50"
"150","1","23","بندر لنگه",NULL,NULL,NULL,NULL,"0","1","2026-02-21 15:29:50","2026-02-21 15:29:50"
"151","1","23","قشم",NULL,NULL,NULL,NULL,"0","1","2026-02-21 15:29:50","2026-02-21 15:29:50"
"152","1","17","اراک",NULL,NULL,NULL,NULL,"0","1","2026-02-21 15:29:50","2026-02-21 15:29:50"
"153","1","8","رامسر",NULL,NULL,NULL,NULL,"0","1","2026-02-21 15:29:50","2026-02-21 15:29:50"
"154","1","22","بروجن",NULL,NULL,NULL,NULL,"0","1","2026-02-21 15:29:50","2026-02-21 15:29:50"
"155","1","15","مهریز",NULL,NULL,NULL,NULL,"0","1","2026-02-21 15:29:50","2026-02-21 15:29:50"
"156","1","8","نور",NULL,NULL,NULL,NULL,"0","1","2026-02-21 15:29:50","2026-02-21 15:29:50"
"157","1","24","مشگین شهر",NULL,NULL,NULL,NULL,"0","1","2026-02-21 15:29:50","2026-02-21 15:29:50"
"158","1","2","مهدی شهر",NULL,NULL,NULL,NULL,"0","1","2026-02-21 15:29:50","2026-02-21 15:29:50"
"159","1","3","کلیبر",NULL,NULL,NULL,NULL,"0","1","2026-02-21 15:29:50","2026-02-21 15:29:50"
"160","1","1","مبارکه",NULL,NULL,NULL,NULL,"0","1","2026-02-21 15:29:50","2026-02-21 15:29:50"
"161","1","7","چناران",NULL,NULL,NULL,NULL,"0","1","2026-02-21 15:29:50","2026-02-21 15:29:50"
"162","1","12","علی آباد",NULL,NULL,NULL,NULL,"0","1","2026-02-21 15:29:50","2026-02-21 15:29:50"
"163","1","23","میناب",NULL,NULL,NULL,NULL,"0","1","2026-02-21 15:29:50","2026-02-21 15:29:50"
"164","1","15","بافق",NULL,NULL,NULL,NULL,"0","1","2026-02-21 15:29:50","2026-02-21 15:29:50"
"165","1","4","عسلویه",NULL,NULL,NULL,NULL,"0","1","2026-02-21 15:29:50","2026-02-21 15:29:50"
"166","1","16","سی سخت",NULL,NULL,NULL,NULL,"0","1","2026-02-21 15:29:50","2026-02-21 15:29:50"
"167","1","5","آستارا",NULL,NULL,NULL,NULL,"0","1","2026-02-21 15:29:50","2026-02-21 15:29:50"
"168","1","5","ماسال",NULL,NULL,NULL,NULL,"0","1","2026-02-21 15:29:50","2026-02-21 15:29:50"
"169","1","12","گالیکش",NULL,NULL,NULL,NULL,"0","1","2026-02-21 15:29:50","2026-02-21 15:29:50"
"170","1","8","جویبار",NULL,NULL,NULL,NULL,"0","1","2026-02-21 15:29:50","2026-02-21 15:29:50"
"171","1","26","بم",NULL,NULL,NULL,NULL,"0","1","2026-02-21 15:29:50","2026-02-21 15:29:50"
"172","1","1","کوهپایه",NULL,NULL,NULL,NULL,"0","1","2026-02-21 15:29:50","2026-02-21 15:29:50"
"173","1","15","اردکان",NULL,NULL,NULL,NULL,"0","1","2026-02-21 15:29:50","2026-02-21 15:29:50"
"174","1","30","اورامان",NULL,NULL,NULL,NULL,"0","1","2026-02-21 15:29:50","2026-02-21 15:29:50"
"175","1","11","کرج",NULL,NULL,NULL,NULL,"0","1","2026-02-21 15:29:50","2026-02-21 15:29:50"
"176","1","2","دامغان",NULL,NULL,NULL,NULL,"0","1","2026-02-21 15:29:50","2026-02-21 15:29:50"
"177","1","12","مینودشت",NULL,NULL,NULL,NULL,"0","1","2026-02-21 15:29:50","2026-02-21 15:29:50"
"178","1","31","بجنورد",NULL,NULL,NULL,NULL,"0","1","2026-02-21 15:29:50","2026-02-21 15:29:50"
"179","1","9","دزفول",NULL,NULL,NULL,NULL,"0","1","2026-02-21 15:29:50","2026-02-21 15:29:50"
"180","1","30","بیجار",NULL,NULL,NULL,NULL,"0","1","2026-02-21 15:29:50","2026-02-21 15:29:50"
"181","1","5","آستانه اشرفیه",NULL,NULL,NULL,NULL,"0","1","2026-02-21 15:29:50","2026-02-21 15:29:50"
"182","1","1","شاهین شهر",NULL,NULL,NULL,NULL,"0","1","2026-02-21 15:29:50","2026-02-21 15:29:50"
"183","1","5","ماسوله",NULL,NULL,NULL,NULL,"0","1","2026-02-21 15:29:50","2026-02-21 15:29:50"
"184","1","9","اندیمشک",NULL,NULL,NULL,NULL,"0","1","2026-02-21 15:29:50","2026-02-21 15:29:50"
"185","1","28","خوی",NULL,NULL,NULL,NULL,"0","1","2026-02-21 15:29:50","2026-02-21 15:29:50"
"186","1","23","جزیره هرمز",NULL,NULL,NULL,NULL,"0","1","2026-02-21 15:29:50","2026-02-21 15:29:50"
"187","1","5","اسالم",NULL,NULL,NULL,NULL,"0","1","2026-02-21 15:29:50","2026-02-21 15:29:50"
"188","1","8","قائمشهر",NULL,NULL,NULL,NULL,"0","1","2026-02-21 15:29:50","2026-02-21 15:29:50"
"189","1","18","ورامین",NULL,NULL,NULL,NULL,"0","1","2026-02-21 15:29:50","2026-02-21 15:29:50"
"190","1","28","میاندوآب",NULL,NULL,NULL,NULL,"0","1","2026-02-21 15:29:50","2026-02-21 15:29:50"
"191","1","14","اقلید",NULL,NULL,NULL,NULL,"0","1","2026-02-21 15:29:50","2026-02-21 15:29:50"
"192","1","29","آبگرم",NULL,NULL,NULL,NULL,"0","1","2026-02-21 15:29:50","2026-02-21 15:29:50"
"193","1","11","طالقان",NULL,NULL,NULL,NULL,"0","1","2026-02-21 15:29:50","2026-02-21 15:29:50"
"194","1","1","نطنز",NULL,NULL,NULL,NULL,"0","1","2026-02-21 15:29:50","2026-02-21 15:29:50"
"195","1","28","سلماس",NULL,NULL,NULL,NULL,"0","1","2026-02-21 15:29:50","2026-02-21 15:29:50"
"196","1","5","کیاشهر",NULL,NULL,NULL,NULL,"0","1","2026-02-21 15:29:51","2026-02-21 15:29:51"
"197","1","12","بندر ترکمن",NULL,NULL,NULL,NULL,"0","1","2026-02-21 15:29:51","2026-02-21 15:29:51"
"198","2","32","کربلا",NULL,NULL,NULL,NULL,"0","1","2026-02-21 15:29:51","2026-02-21 15:29:51"
"199","2","33","نجف",NULL,NULL,NULL,NULL,"0","1","2026-02-21 15:29:51","2026-02-21 15:29:51"
"200","3","34","استانبول",NULL,NULL,NULL,NULL,"0","1","2026-02-21 15:29:51","2026-02-21 15:29:51"
"201","1","8","نشتارود",NULL,NULL,NULL,NULL,"0","1","2026-02-21 15:29:51","2026-02-21 15:29:51"
"202","1","26","شهداد",NULL,NULL,NULL,NULL,"0","1","2026-02-21 15:29:51","2026-02-21 15:29:51"
"203","1","4","بندرکنگان",NULL,NULL,NULL,NULL,"0","1","2026-02-21 15:29:51","2026-02-21 15:29:51"
"204","3","35","وان",NULL,NULL,NULL,NULL,"0","1","2026-02-21 15:29:51","2026-02-21 15:29:51"
"205","3","36","آنتالیا",NULL,NULL,NULL,NULL,"0","1","2026-02-21 15:29:51","2026-02-21 15:29:51"
"206","3","37","آنکارا",NULL,NULL,NULL,NULL,"0","1","2026-02-21 15:29:51","2026-02-21 15:29:51"
"207","3","38","ازمیر",NULL,NULL,NULL,NULL,"0","1","2026-02-21 15:29:51","2026-02-21 15:29:51"
"208","3","39","قونیه",NULL,NULL,NULL,NULL,"0","1","2026-02-21 15:29:51","2026-02-21 15:29:51"
"209","3","40","کوش آداسی",NULL,NULL,NULL,NULL,"0","1","2026-02-21 15:29:51","2026-02-21 15:29:51"
"210","4","41","دبی",NULL,NULL,NULL,NULL,"0","1","2026-02-21 15:29:51","2026-02-21 15:29:51"
"211","5","42","بانکوک",NULL,NULL,NULL,NULL,"0","1","2026-02-21 15:29:51","2026-02-21 15:29:51"
"212","5","43","پاتایا",NULL,NULL,NULL,NULL,"0","1","2026-02-21 15:29:51","2026-02-21 15:29:51"
"213","5","44","پوکت",NULL,NULL,NULL,NULL,"0","1","2026-02-21 15:29:51","2026-02-21 15:29:51"
"214","6","45","باتومی",NULL,NULL,NULL,NULL,"0","1","2026-02-21 15:29:51","2026-02-21 15:29:51"
"215","6","46","تفلیس",NULL,NULL,NULL,NULL,"0","1","2026-02-21 15:29:51","2026-02-21 15:29:51"
"216","7","47","ایروان",NULL,NULL,NULL,NULL,"0","1","2026-02-21 15:29:51","2026-02-21 15:29:51"
"217","8","48","باکو",NULL,NULL,NULL,NULL,"0","1","2026-02-21 15:29:51","2026-02-21 15:29:51"
"218","1","1","بادرود",NULL,NULL,NULL,NULL,"0","1","2026-02-21 15:29:51","2026-02-21 15:29:51"
"219","1","23","هنگام",NULL,NULL,NULL,NULL,"0","1","2026-02-21 15:29:51","2026-02-21 15:29:51"
"220","1","7","گلمکان",NULL,NULL,NULL,NULL,"0","1","2026-02-21 15:29:51","2026-02-21 15:29:51"
"221","1","1","شهرضا",NULL,NULL,NULL,NULL,"0","1","2026-02-21 15:29:51","2026-02-21 15:29:51"
"222","1","21","جوانرود",NULL,NULL,NULL,NULL,"0","1","2026-02-21 15:29:51","2026-02-21 15:29:51"
"223","1","14","لامرد",NULL,NULL,NULL,NULL,"0","1","2026-02-21 15:29:51","2026-02-21 15:29:51"
"224","1","8","زیرآب",NULL,NULL,NULL,NULL,"0","1","2026-02-21 15:29:51","2026-02-21 15:29:51"
"225","1","26","بافت",NULL,NULL,NULL,NULL,"0","1","2026-02-21 15:29:51","2026-02-21 15:29:51"
"226","1","26","جیرفت",NULL,NULL,NULL,NULL,"0","1","2026-02-21 15:29:51","2026-02-21 15:29:51"
"227","1","23","جزیره ابوموسی",NULL,NULL,NULL,NULL,"0","1","2026-02-21 15:29:51","2026-02-21 15:29:51"
"228","1","12","کلاله",NULL,NULL,NULL,NULL,"0","1","2026-02-21 15:29:51","2026-02-21 15:29:51"
"229","1","4","خارک",NULL,NULL,NULL,NULL,"0","1","2026-02-21 15:29:51","2026-02-21 15:29:51"
"230","1","25","زابل",NULL,NULL,NULL,NULL,"0","1","2026-02-21 15:29:51","2026-02-21 15:29:51"
"231","1","29","خانه",NULL,NULL,NULL,NULL,"0","1","2026-02-21 15:29:51","2026-02-21 15:29:51"
"232","1","30","قروه",NULL,NULL,NULL,NULL,"0","1","2026-02-21 15:29:51","2026-02-21 15:29:51"
"233","1","31","آشخانه",NULL,NULL,NULL,NULL,"0","1","2026-02-21 15:29:51","2026-02-21 15:29:51"
"234","1","1","نجف آباد",NULL,NULL,NULL,NULL,"0","1","2026-02-21 15:29:51","2026-02-21 15:29:51"
"235","1","7","گناباد",NULL,NULL,NULL,NULL,"0","1","2026-02-21 15:29:51","2026-02-21 15:29:51"
"236","1","25","هامون",NULL,NULL,NULL,NULL,"0","1","2026-02-21 15:29:51","2026-02-21 15:29:51"
"237","9","49","مسقط","‍Muscat",NULL,NULL,NULL,"0","1","2026-02-21 15:29:51","2026-02-21 15:29:51"
"238","1","7","خواف",NULL,NULL,NULL,NULL,"0","1","2026-02-21 15:29:51","2026-02-21 15:29:51"
"239","1","7","طرقبه",NULL,NULL,NULL,NULL,"0","1","2026-02-21 15:29:51","2026-02-21 15:29:51"
"240","2","50","بغداد","Baghdad",NULL,NULL,NULL,"0","1","2026-02-21 15:29:51","2026-02-21 15:29:51"
"241","1","7","درگز",NULL,NULL,NULL,NULL,"0","1","2026-02-21 15:29:51","2026-02-21 15:29:51"
"242","1","7","فریمان",NULL,NULL,NULL,NULL,"0","1","2026-02-21 15:29:51","2026-02-21 15:29:51"
"243","1","7","داورزن",NULL,NULL,NULL,NULL,"0","1","2026-02-21 15:29:51","2026-02-21 15:29:51"
"244","1","7","شاندیز",NULL,NULL,NULL,NULL,"0","1","2026-02-21 15:29:51","2026-02-21 15:29:51"
"245","1","5","شفت",NULL,NULL,NULL,NULL,"0","1","2026-02-21 15:29:51","2026-02-21 15:29:51"
"246","10","51","پکن","Beijing",NULL,NULL,NULL,"0","1","2026-02-21 15:29:51","2026-02-21 15:29:51"
"247","10","52","شانگهای","Shanghai",NULL,NULL,NULL,"0","1","2026-02-21 15:29:51","2026-02-21 15:29:51"
"248","10","53","گوانجو","Guangzhou",NULL,NULL,NULL,"0","1","2026-02-21 15:29:51","2026-02-21 15:29:51"
"249","11","54","قندهار","Kandahar",NULL,NULL,NULL,"0","1","2026-02-21 15:29:51","2026-02-21 15:29:51"
"250","11","55","کابل","Kabul",NULL,NULL,NULL,"0","1","2026-02-21 15:29:51","2026-02-21 15:29:51"
"251","11","56","مزارشریف","Mazar-e Sharif",NULL,NULL,NULL,"0","1","2026-02-21 15:29:51","2026-02-21 15:29:51"
"252","1","7","کلات",NULL,NULL,NULL,NULL,"0","1","2026-02-21 15:29:51","2026-02-21 15:29:51"
"253","4","57","شارجه","Sharjah",NULL,NULL,NULL,"0","1","2026-02-21 15:29:51","2026-02-21 15:29:51"
"254","3","58","آدانا","Adana",NULL,NULL,NULL,"0","1","2026-02-21 15:29:51","2026-02-21 15:29:51"
"255","1","9","آغاجاری","Aghajari",NULL,NULL,NULL,"0","1","2026-02-21 15:29:51","2026-02-21 15:29:51"
"256","1","4","بهرگان","Bahregan",NULL,NULL,NULL,"0","1","2026-02-21 15:29:51","2026-02-21 15:29:51"
"257","1","24","پارس آباد","Parsabad",NULL,NULL,NULL,"0","1","2026-02-21 15:29:51","2026-02-21 15:29:51"
"258","1","3","سهند","Sahand",NULL,NULL,NULL,"0","1","2026-02-21 15:29:51","2026-02-21 15:29:51"
"259","1","23","سیری","siri",NULL,NULL,NULL,"0","1","2026-02-21 15:29:51","2026-02-21 15:29:51"
"260","1","23","لاوان","Lavan",NULL,NULL,NULL,"0","1","2026-02-21 15:29:51","2026-02-21 15:29:51"
"261","1","23","جاسک","Jask",NULL,NULL,NULL,"0","1","2026-02-21 15:29:51","2026-02-21 15:29:51"
"262","1","25","سراوان","Saravan",NULL,NULL,NULL,"0","1","2026-02-21 15:29:51","2026-02-21 15:29:51"
"263","1","14","باغ صفا",NULL,NULL,NULL,NULL,"0","1","2026-02-21 15:29:51","2026-02-21 15:29:51"
"264","12","59","مسکو","Moscow",NULL,NULL,NULL,"0","1","2026-02-21 15:29:51","2026-02-21 15:29:51"
"265","1","9","اندیکا",NULL,NULL,NULL,NULL,"0","1","2026-02-21 15:29:51","2026-02-21 15:29:51"
"266","3","60","ترابزون","Trabzon",NULL,NULL,NULL,"0","1","2026-02-21 15:29:51","2026-02-21 15:29:51"
"267","4","61","ابوظبی",NULL,NULL,NULL,NULL,"0","1","2026-02-21 15:29:51","2026-02-21 15:29:51"
"268","13","62","دمشق","Damascus",NULL,NULL,NULL,"0","1","2026-02-21 15:29:51","2026-02-21 15:29:51"
"269","2","50","کاظمین",NULL,NULL,NULL,NULL,"0","1","2026-02-21 15:29:51","2026-02-21 15:29:51"
"270","1","22","فارسان",NULL,NULL,NULL,NULL,"0","1","2026-02-21 15:29:52","2026-02-21 15:29:52"
"271","14","63","تاشکند","Tashkent",NULL,NULL,NULL,"0","1","2026-02-21 15:29:52","2026-02-21 15:29:52"
"272","2","64","بصره","Basra",NULL,NULL,NULL,"0","1","2026-02-21 15:29:52","2026-02-21 15:29:52"
"273","1","13","اسدآباد",NULL,NULL,NULL,NULL,"0","1","2026-02-21 15:29:52","2026-02-21 15:29:52"
"274","1","18","فیروزکوه","Firuzkuh",NULL,NULL,NULL,"0","1","2026-02-21 15:29:52","2026-02-21 15:29:52"
"275","15","65","بیروت","Beirut",NULL,NULL,NULL,"0","1","2026-02-21 15:29:52","2026-02-21 15:29:52"
"276","16","66","بحرین","Bahrain",NULL,NULL,NULL,"0","1","2026-02-21 15:29:52","2026-02-21 15:29:52"
"277","17","67","کویت","Kuwait",NULL,NULL,NULL,"0","1","2026-02-21 15:29:52","2026-02-21 15:29:52"
"278","18","68","لاهور","Lahore",NULL,NULL,NULL,"0","1","2026-02-21 15:29:52","2026-02-21 15:29:52"
"279","2","69","اربیل","Erbil",NULL,NULL,NULL,"0","1","2026-02-21 15:29:52","2026-02-21 15:29:52"
"280","1","21","سنقر",NULL,NULL,NULL,NULL,"0","1","2026-02-21 15:29:52","2026-02-21 15:29:52"
"281","1","5","منجیل",NULL,NULL,NULL,NULL,"0","1","2026-02-21 15:29:52","2026-02-21 15:29:52"
"282","1","31","اسفراین",NULL,NULL,NULL,NULL,"0","1","2026-02-21 15:29:52","2026-02-21 15:29:52"
"283","1","14","پاسارگاد",NULL,NULL,NULL,NULL,"0","1","2026-02-21 15:29:52","2026-02-21 15:29:52"
"284","1","8","شیرگاه",NULL,NULL,NULL,NULL,"0","1","2026-02-21 15:29:52","2026-02-21 15:29:52"
"285","1","14","کازرون",NULL,NULL,NULL,NULL,"0","1","2026-02-21 15:29:52","2026-02-21 15:29:52"
"286","1","8","گلوگاه",NULL,NULL,NULL,NULL,"0","1","2026-02-21 15:29:52","2026-02-21 15:29:52"
"287","1","6","بشرویه",NULL,NULL,NULL,NULL,"0","1","2026-02-21 15:29:52","2026-02-21 15:29:52"
"288","19","70","دوشنبه",NULL,NULL,NULL,NULL,"0","1","2026-02-21 15:29:52","2026-02-21 15:29:52"
"289","1","7","تایباد",NULL,NULL,NULL,NULL,"0","1","2026-02-21 15:29:52","2026-02-21 15:29:52"
"290","1","1","سمیرم",NULL,NULL,NULL,NULL,"0","1","2026-02-21 15:29:52","2026-02-21 15:29:52"
"291","1","7","کاشمر",NULL,NULL,NULL,NULL,"0","1","2026-02-21 15:29:52","2026-02-21 15:29:52"
"292","1","21","روانسر",NULL,NULL,NULL,NULL,"0","1","2026-02-21 15:29:52","2026-02-21 15:29:52"
"293","1","1","ورزنه","Varzaneh",NULL,NULL,NULL,"0","1","2026-02-21 15:29:52","2026-02-21 15:29:52"
"294","1","2","سرخه",NULL,NULL,NULL,NULL,"0","1","2026-02-21 15:29:52","2026-02-21 15:29:52"
"295","3","71","بورسا","Bursa",NULL,NULL,NULL,"0","1","2026-02-21 15:29:52","2026-02-21 15:29:52"
"296","3","72","یالووا","Yalova",NULL,NULL,NULL,"0","1","2026-02-21 15:29:52","2026-02-21 15:29:52"
"297","3","73","مارماریس","Muğla",NULL,NULL,NULL,"0","1","2026-02-21 15:29:52","2026-02-21 15:29:52"
"298","3","74","ساپانجا","Sapanca",NULL,NULL,NULL,"0","1","2026-02-21 15:29:52","2026-02-21 15:29:52"
"299","3","73","بدروم","Bodrum",NULL,NULL,NULL,"0","1","2026-02-21 15:29:52","2026-02-21 15:29:52"
"300","3","36","سیده","Side",NULL,NULL,NULL,"0","1","2026-02-21 15:29:52","2026-02-21 15:29:52"
"301","3","73","دالامان","Dalaman",NULL,NULL,NULL,"0","1","2026-02-21 15:29:52","2026-02-21 15:29:52"
"302","3","36","آلانیا","Alanya",NULL,NULL,NULL,"0","1","2026-02-21 15:29:52","2026-02-21 15:29:52"
"303","3","36","کمر","Kemer",NULL,NULL,NULL,"0","1","2026-02-21 15:29:52","2026-02-21 15:29:52"
"304","3","36","بلک","Belek",NULL,NULL,NULL,"0","1","2026-02-21 15:29:52","2026-02-21 15:29:52"
"305","3","75","پاموک‌کاله","Pamukkale",NULL,NULL,NULL,"0","1","2026-02-21 15:29:52","2026-02-21 15:29:52"
"306","3","76","اسکی‌شهر","Eskişehir",NULL,NULL,NULL,"0","1","2026-02-21 15:29:52","2026-02-21 15:29:52"
"307","3","77","بولو","Bolu",NULL,NULL,NULL,"0","1","2026-02-21 15:29:52","2026-02-21 15:29:52"
"308","3","78","اردو","Ordu",NULL,NULL,NULL,"0","1","2026-02-21 15:29:52","2026-02-21 15:29:52"
"309","3","79","ازمیت","İzmit",NULL,NULL,NULL,"0","1","2026-02-21 15:29:52","2026-02-21 15:29:52"
"310","3","80","سامسون","Samsun",NULL,NULL,NULL,"0","1","2026-02-21 15:29:52","2026-02-21 15:29:52"
"311","3","81","آنتاکیا","Antakya",NULL,NULL,NULL,"0","1","2026-02-21 15:29:52","2026-02-21 15:29:52"
"312","3","82","آوانوس","Avanos",NULL,NULL,NULL,"0","1","2026-02-21 15:29:52","2026-02-21 15:29:52"
"313","3","38","چشمه","Çeşme",NULL,NULL,NULL,"0","1","2026-02-21 15:29:52","2026-02-21 15:29:52"
"314","3","75","دنیزلی","Denizli",NULL,NULL,NULL,"0","1","2026-02-21 15:29:52","2026-02-21 15:29:52"
"315","3","83","دیاربکر","Diyarbakır",NULL,NULL,NULL,"0","1","2026-02-21 15:29:52","2026-02-21 15:29:52"
"316","3","73","فتحیه","Fethiye",NULL,NULL,NULL,"0","1","2026-02-21 15:29:52","2026-02-21 15:29:52"
"317","3","84","غازی‌آنتپ","Gaziantep",NULL,NULL,NULL,"0","1","2026-02-21 15:29:52","2026-02-21 15:29:52"
"318","3","81","اسکندرون","İskenderun",NULL,NULL,NULL,"0","1","2026-02-21 15:29:52","2026-02-21 15:29:52"
"319","3","85","قیصریه","Kayseri",NULL,NULL,NULL,"0","1","2026-02-21 15:29:52","2026-02-21 15:29:52"
"320","3","86","قهرمان‌مرعش","Kahramanmaraş",NULL,NULL,NULL,"0","1","2026-02-21 15:29:52","2026-02-21 15:29:52"
"321","3","87","مرسین","Mersin",NULL,NULL,NULL,"0","1","2026-02-21 15:29:52","2026-02-21 15:29:52"
"322","3","88","ماردين","Mardin",NULL,NULL,NULL,"0","1","2026-02-21 15:29:52","2026-02-21 15:29:52"
"323","3","89","سافران‌بولو","Safranbolu",NULL,NULL,NULL,"0","1","2026-02-21 15:29:52","2026-02-21 15:29:52"
"324","3","90","شانلی‌اورفا","Şanlıurfa",NULL,NULL,NULL,"0","1","2026-02-21 15:29:52","2026-02-21 15:29:52"
"325","3","91","سیواس","Sivas",NULL,NULL,NULL,"0","1","2026-02-21 15:29:52","2026-02-21 15:29:52"
"326","3","92","ملاتیا","Malatya",NULL,NULL,NULL,"0","1","2026-02-21 15:29:52","2026-02-21 15:29:52"
"327","3","93","مانیسا","Manisa",NULL,NULL,NULL,"0","1","2026-02-21 15:29:52","2026-02-21 15:29:52"
"328","3","77","آبانت","Abant",NULL,NULL,NULL,"0","1","2026-02-21 15:29:52","2026-02-21 15:29:52"
"329","4","61","العین","al ain",NULL,NULL,NULL,"0","1","2026-02-21 15:29:52","2026-02-21 15:29:52"
"330","3","94","آیوالیک","Ayvalık",NULL,NULL,NULL,"0","1","2026-02-21 15:29:52","2026-02-21 15:29:52"
"331","3","94","باليكسير","Balıkesir",NULL,NULL,NULL,"0","1","2026-02-21 15:29:52","2026-02-21 15:29:52"
"332","3","73","دالیان","Dalyan",NULL,NULL,NULL,"0","1","2026-02-21 15:29:52","2026-02-21 15:29:52"
"333","3","73","داتچا","Datça",NULL,NULL,NULL,"0","1","2026-02-21 15:29:52","2026-02-21 15:29:52"
"334","3","38","دیکیلی","Dikili",NULL,NULL,NULL,"0","1","2026-02-21 15:29:52","2026-02-21 15:29:52"
"335","3","95","ریزه","rize",NULL,NULL,NULL,"0","1","2026-02-21 15:29:52","2026-02-21 15:29:52"
"336","3","96","ارزروم","Erzurum",NULL,NULL,NULL,"0","1","2026-02-21 15:29:52","2026-02-21 15:29:52"
"337","3","36","کالکان","Kalkan",NULL,NULL,NULL,"0","1","2026-02-21 15:29:52","2026-02-21 15:29:52"
"338","3","36","کاش","Kaş",NULL,NULL,NULL,"0","1","2026-02-21 15:29:52","2026-02-21 15:29:52"
"339","3","34","شیله","Şile",NULL,NULL,NULL,"0","1","2026-02-21 15:29:52","2026-02-21 15:29:52"
"340","3","97","آدی‌یامان","Adıyaman",NULL,NULL,NULL,"0","1","2026-02-21 15:29:52","2026-02-21 15:29:52"
"341","3","98","آغری","Ağrı",NULL,NULL,NULL,"0","1","2026-02-21 15:29:52","2026-02-21 15:29:52"
"342","3","99","باتمان","Batman",NULL,NULL,NULL,"0","1","2026-02-21 15:29:52","2026-02-21 15:29:52"
"343","3","100","ارزنجان","Erzincan",NULL,NULL,NULL,"0","1","2026-02-21 15:29:52","2026-02-21 15:29:52"
"344","3","101","اسپارتا","Isparta",NULL,NULL,NULL,"0","1","2026-02-21 15:29:53","2026-02-21 15:29:53"
"345","3","102","قارص","Kars",NULL,NULL,NULL,"0","1","2026-02-21 15:29:53","2026-02-21 15:29:53"
"346","3","82","نوشهیر","Nevşehir",NULL,NULL,NULL,"0","1","2026-02-21 15:29:53","2026-02-21 15:29:53"
"347","3","103","تکیرداغ","Tekirdağ",NULL,NULL,NULL,"0","1","2026-02-21 15:29:53","2026-02-21 15:29:53"
"348","3","104","اوشاک","Uşak",NULL,NULL,NULL,"0","1","2026-02-21 15:29:53","2026-02-21 15:29:53"
"349","3","40","دیدیم","Didim",NULL,NULL,NULL,"0","1","2026-02-21 15:29:53","2026-02-21 15:29:53"
"350","3","40","آلتین‌کوم","Altınkum",NULL,NULL,NULL,"0","1","2026-02-21 15:29:53","2026-02-21 15:29:53"
"351","3","73","آکی‌آکا","Akyaka",NULL,NULL,NULL,"0","1","2026-02-21 15:29:53","2026-02-21 15:29:53"
"352","3","39","ارغلی","Ereğli",NULL,NULL,NULL,"0","1","2026-02-21 15:29:53","2026-02-21 15:29:53"
"353","3","105","ازینه","Ezine",NULL,NULL,NULL,"0","1","2026-02-21 15:29:53","2026-02-21 15:29:53"
"354","3","106","آق‌سرای","Aksaray",NULL,NULL,NULL,"0","1","2026-02-21 15:29:53","2026-02-21 15:29:53"
"355","3","94","ادرمیت","Edremit",NULL,NULL,NULL,"0","1","2026-02-21 15:29:53","2026-02-21 15:29:53"
"356","3","107","الازیغ","Elazığ",NULL,NULL,NULL,"0","1","2026-02-21 15:29:53","2026-02-21 15:29:53"
"357","3","108","ایلغاز","Ilgaz",NULL,NULL,NULL,"0","1","2026-02-21 15:29:53","2026-02-21 15:29:53"
"358","3","109","قسطمونی","Kastamonu",NULL,NULL,NULL,"0","1","2026-02-21 15:29:53","2026-02-21 15:29:53"
"359","3","87","اردملی","Erdemli",NULL,NULL,NULL,"0","1","2026-02-21 15:29:53","2026-02-21 15:29:53"
"360","3","105","آیواجیک","Ayvacık",NULL,NULL,NULL,"0","1","2026-02-21 15:29:53","2026-02-21 15:29:53"
"361","3","94","آلتین‌اولوک","Altınoluk",NULL,NULL,NULL,"0","1","2026-02-21 15:29:53","2026-02-21 15:29:53"
"362","3","87","سیلیفکه","Silifke",NULL,NULL,NULL,"0","1","2026-02-21 15:29:53","2026-02-21 15:29:53"
"363","3","110","بوردور","Burdur",NULL,NULL,NULL,"0","1","2026-02-21 15:29:53","2026-02-21 15:29:53"
"364","3","38","فوچا","Foça",NULL,NULL,NULL,"0","1","2026-02-21 15:29:53","2026-02-21 15:29:53"
"365","4","111","فجیره","Fujairah",NULL,NULL,NULL,"0","1","2026-02-21 15:29:53","2026-02-21 15:29:53"
"366","4","112","عجمان","Ajman",NULL,NULL,NULL,"0","1","2026-02-21 15:29:53","2026-02-21 15:29:53"
"367","4","113","رأس‌الخیمه","Ras Al Khaimah",NULL,NULL,NULL,"0","1","2026-02-21 15:29:53","2026-02-21 15:29:53"
"368","4","61","جزیرهٔ صیر بنی‌یاس","Sir Bani Yas Island",NULL,NULL,NULL,"0","1","2026-02-21 15:29:53","2026-02-21 15:29:53"
"369","4","61","مدینة زاید","Madinat Zayed",NULL,NULL,NULL,"0","1","2026-02-21 15:29:53","2026-02-21 15:29:53"
"370","4","61","غنطوط","Ghantoot",NULL,NULL,NULL,"0","1","2026-02-21 15:29:53","2026-02-21 15:29:53"
"371","4","61","میرْفا","Al Mirfa",NULL,NULL,NULL,"0","1","2026-02-21 15:29:53","2026-02-21 15:29:53"
"372","4","57","دِبّا","Dibba",NULL,NULL,NULL,"0","1","2026-02-21 15:29:53","2026-02-21 15:29:53"
"373","4","61","غیاثی","Ghayathi",NULL,NULL,NULL,"0","1","2026-02-21 15:29:53","2026-02-21 15:29:53"
"374","4","61","الضنّه","Al Dhannah",NULL,NULL,NULL,"0","1","2026-02-21 15:29:53","2026-02-21 15:29:53"
"375","4","61","مِزَیْرَعَه","Mezaira’a",NULL,NULL,NULL,"0","1","2026-02-21 15:29:53","2026-02-21 15:29:53"
"376","4","111","العَقَة","Al Aqah",NULL,NULL,NULL,"0","1","2026-02-21 15:29:53","2026-02-21 15:29:53"
"377","4","61","لیوا","Liwa",NULL,NULL,NULL,"0","1","2026-02-21 15:29:53","2026-02-21 15:29:53"
"378","4","57","کَلبا","Kalba",NULL,NULL,NULL,"0","1","2026-02-21 15:29:53","2026-02-21 15:29:53"
"379","4","57","خورفکان","Khor Fakkan",NULL,NULL,NULL,"0","1","2026-02-21 15:29:53","2026-02-21 15:29:53"
"380","4","113","جزایر المرجان","Al Marjan Island",NULL,NULL,NULL,"0","1","2026-02-21 15:29:53","2026-02-21 15:29:53"
"381","4","61","رویس","Ruwais",NULL,NULL,NULL,"0","1","2026-02-21 15:29:53","2026-02-21 15:29:53"
"382","4","113","الحمرا","Al Hamra",NULL,NULL,NULL,"0","1","2026-02-21 15:29:53","2026-02-21 15:29:53"
"383","4","41","منطقه حفاظت‌شدهٔ صحرای دبی","Dubai Desert Conservation Reserve",NULL,NULL,NULL,"0","1","2026-02-21 15:29:53","2026-02-21 15:29:53"
"384","4","114","ام‌القوین","Umm Al Quwain",NULL,NULL,NULL,"0","1","2026-02-21 15:29:53","2026-02-21 15:29:53"
"385","4","61","جزیره یاس","Yas Island",NULL,NULL,NULL,"0","1","2026-02-21 15:29:53","2026-02-21 15:29:53"
"386","4","61","جزیره سعدیات","Saadiyat Island",NULL,NULL,NULL,"0","1","2026-02-21 15:29:53","2026-02-21 15:29:53"
"387","4","115","زنگبار","Zanzibar",NULL,NULL,NULL,"0","1","2026-02-21 15:29:53","2026-02-21 15:29:53"
"388","4","41","حَتّا","Hatta",NULL,NULL,NULL,"0","1","2026-02-21 15:29:53","2026-02-21 15:29:53"
"389","20","116","زنگبار","Zanzibar",NULL,NULL,NULL,"0","1","2026-02-21 15:29:53","2026-02-21 15:29:53"
"390","21","117","شرم‌الشیخ","Sharm El Sheikh",NULL,NULL,NULL,"0","1","2026-02-21 15:29:53","2026-02-21 15:29:53"
"391","3","38","موردوغان","Mordoğan",NULL,NULL,NULL,"0","1","2026-02-21 15:29:53","2026-02-21 15:29:53"
"392","3","40","آیدین","Aydın",NULL,NULL,NULL,"0","1","2026-02-21 15:29:53","2026-02-21 15:29:53"
"393","3","118","سیعرت","Siirt",NULL,NULL,NULL,"0","1","2026-02-21 15:29:53","2026-02-21 15:29:53"
"394","3","119","بوعازقلعه","Boğazkale",NULL,NULL,NULL,"0","1","2026-02-21 15:29:53","2026-02-21 15:29:53"
"395","3","73","موغلا","Muğla",NULL,NULL,NULL,"0","1","2026-02-21 15:29:53","2026-02-21 15:29:53"
"396","3","120","توكات","Tokat",NULL,NULL,NULL,"0","1","2026-02-21 15:29:53","2026-02-21 15:29:53"
"397","3","120","توکات","Tokat",NULL,NULL,NULL,"0","1","2026-02-21 15:29:53","2026-02-21 15:29:53"
"398","3","94","باندیرما","Bandırma",NULL,NULL,NULL,"0","1","2026-02-21 15:29:53","2026-02-21 15:29:53"
"399","3","121","نیغده","Niğde",NULL,NULL,NULL,"0","1","2026-02-21 15:29:53","2026-02-21 15:29:53"
"400","3","73","ساری‌گرمه","Sarıgerme",NULL,NULL,NULL,"0","1","2026-02-21 15:29:53","2026-02-21 15:29:53"
"401","3","36","کادریه","Kadriye",NULL,NULL,NULL,"0","1","2026-02-21 15:29:53","2026-02-21 15:29:53"
"402","3","36","تکیرووا","Tekirova",NULL,NULL,NULL,"0","1","2026-02-21 15:29:53","2026-02-21 15:29:53"
"403","3","122","کرکلارایلی","Kırklareli",NULL,NULL,NULL,"0","1","2026-02-21 15:29:53","2026-02-21 15:29:53"
"404","3","123","موش","Muş",NULL,NULL,NULL,"0","1","2026-02-21 15:29:53","2026-02-21 15:29:53"
"405","3","60","اورتاهیسار","Ortahisar",NULL,NULL,NULL,"0","1","2026-02-21 15:29:53","2026-02-21 15:29:53"
"406","3","124","زونگولداغ","Zonguldak",NULL,NULL,NULL,"0","1","2026-02-21 15:29:53","2026-02-21 15:29:53"
"407","3","36","ماناوگات","Manavgat",NULL,NULL,NULL,"0","1","2026-02-21 15:29:53","2026-02-21 15:29:53"
"408","3","125","آفیون‌قره‌حصار","Afyonkarahisar",NULL,NULL,NULL,"0","1","2026-02-21 15:29:53","2026-02-21 15:29:53"
"409","3","79","گبزه","Gebze",NULL,NULL,NULL,"0","1","2026-02-21 15:29:53","2026-02-21 15:29:53"
"410","3","73","اورتاجا","Ortaca",NULL,NULL,NULL,"0","1","2026-02-21 15:29:53","2026-02-21 15:29:53"
"411","3","38","مندرس","Menderes",NULL,NULL,NULL,"0","1","2026-02-21 15:29:53","2026-02-21 15:29:53"
"412","3","38","سلجوک","Selçuk",NULL,NULL,NULL,"0","1","2026-02-21 15:29:53","2026-02-21 15:29:53"
"413","3","126","ادرنه","Edirne",NULL,NULL,NULL,"0","1","2026-02-21 15:29:53","2026-02-21 15:29:53"
"414","3","79","کارتپه","Kartepe",NULL,NULL,NULL,"0","1","2026-02-21 15:29:53","2026-02-21 15:29:53"
