"id","country_id","fa_name","en_name","created_at","updated_at"
"1","1","اصفهان",NULL,"2026-02-21 15:29:48","2026-02-21 15:29:48"
"2","1","سمنان",NULL,"2026-02-21 15:29:48","2026-02-21 15:29:48"
"3","1","آذربایجان شرقی",NULL,"2026-02-21 15:29:48","2026-02-21 15:29:48"
"4","1","بوشهر",NULL,"2026-02-21 15:29:48","2026-02-21 15:29:48"
"5","1","گیلان",NULL,"2026-02-21 15:29:48","2026-02-21 15:29:48"
"6","1","خراسان جنوبی",NULL,"2026-02-21 15:29:48","2026-02-21 15:29:48"
"7","1","خراسان رضوی",NULL,"2026-02-21 15:29:48","2026-02-21 15:29:48"
"8","1","مازندران",NULL,"2026-02-21 15:29:48","2026-02-21 15:29:48"
"9","1","خوزستان",NULL,"2026-02-21 15:29:48","2026-02-21 15:29:48"
"10","1","لرستان",NULL,"2026-02-21 15:29:48","2026-02-21 15:29:48"
"11","1","البرز",NULL,"2026-02-21 15:29:48","2026-02-21 15:29:48"
"12","1","گلستان",NULL,"2026-02-21 15:29:48","2026-02-21 15:29:48"
"13","1","همدان",NULL,"2026-02-21 15:29:48","2026-02-21 15:29:48"
"14","1","فارس",NULL,"2026-02-21 15:29:48","2026-02-21 15:29:48"
"15","1","یزد",NULL,"2026-02-21 15:29:48","2026-02-21 15:29:48"
"16","1","کهگیلویه و بویراحمد",NULL,"2026-02-21 15:29:48","2026-02-21 15:29:48"
"17","1","مرکزی",NULL,"2026-02-21 15:29:48","2026-02-21 15:29:48"
"18","1","تهران","Tehran","2026-02-21 15:29:48","2026-02-21 15:29:48"
"19","1","زنجان",NULL,"2026-02-21 15:29:48","2026-02-21 15:29:48"
"20","1","ایلام",NULL,"2026-02-21 15:29:48","2026-02-21 15:29:48"
"21","1","کرمانشاه",NULL,"2026-02-21 15:29:49","2026-02-21 15:29:49"
"22","1","چهارمحال و بختیاری",NULL,"2026-02-21 15:29:49","2026-02-21 15:29:49"
"23","1","هرمزگان",NULL,"2026-02-21 15:29:49","2026-02-21 15:29:49"
"24","1","اردبیل",NULL,"2026-02-21 15:29:49","2026-02-21 15:29:49"
"25","1","سیستان و بلوچستان",NULL,"2026-02-21 15:29:49","2026-02-21 15:29:49"
"26","1","کرمان",NULL,"2026-02-21 15:29:49","2026-02-21 15:29:49"
"27","1","قم",NULL,"2026-02-21 15:29:49","2026-02-21 15:29:49"
"28","1","آذربایجان غربی",NULL,"2026-02-21 15:29:49","2026-02-21 15:29:49"
"29","1","قزوین",NULL,"2026-02-21 15:29:49","2026-02-21 15:29:49"
"30","1","کردستان",NULL,"2026-02-21 15:29:49","2026-02-21 15:29:49"
"31","1","خراسان شمالی",NULL,"2026-02-21 15:29:49","2026-02-21 15:29:49"
"32","2","کربلا",NULL,"2026-02-21 15:29:51","2026-02-21 15:29:51"
"33","2","نجف",NULL,"2026-02-21 15:29:51","2026-02-21 15:29:51"
"34","3","استانبول",NULL,"2026-02-21 15:29:51","2026-02-21 15:29:51"
"35","3","وان",NULL,"2026-02-21 15:29:51","2026-02-21 15:29:51"
"36","3","آنتالیا",NULL,"2026-02-21 15:29:51","2026-02-21 15:29:51"
"37","3","آنکارا",NULL,"2026-02-21 15:29:51","2026-02-21 15:29:51"
"38","3","ازمیر",NULL,"2026-02-21 15:29:51","2026-02-21 15:29:51"
"39","3","قونیه",NULL,"2026-02-21 15:29:51","2026-02-21 15:29:51"
"40","3","آیدین",NULL,"2026-02-21 15:29:51","2026-02-21 15:29:51"
"41","4","دبی",NULL,"2026-02-21 15:29:51","2026-02-21 15:29:51"
"42","5","بانکوک",NULL,"2026-02-21 15:29:51","2026-02-21 15:29:51"
"43","5","پاتایا",NULL,"2026-02-21 15:29:51","2026-02-21 15:29:51"
"44","5","پوکت",NULL,"2026-02-21 15:29:51","2026-02-21 15:29:51"
"45","6","باتومی",NULL,"2026-02-21 15:29:51","2026-02-21 15:29:51"
"46","6","تفلیس",NULL,"2026-02-21 15:29:51","2026-02-21 15:29:51"
"47","7","ایروان",NULL,"2026-02-21 15:29:51","2026-02-21 15:29:51"
"48","8","باکو",NULL,"2026-02-21 15:29:51","2026-02-21 15:29:51"
"49","9","مسقط","Muscat","2026-02-21 15:29:51","2026-02-21 15:29:51"
"50","2","بغداد","Baghdad","2026-02-21 15:29:51","2026-02-21 15:29:51"
"51","10","پکن","Beijing","2026-02-21 15:29:51","2026-02-21 15:29:51"
"52","10","شانگهای","Shanghai","2026-02-21 15:29:51","2026-02-21 15:29:51"
"53","10","گوانگ‌دونگ","Guangdong","2026-02-21 15:29:51","2026-02-21 15:29:51"
"54","11","قندهار","Kandahar","2026-02-21 15:29:51","2026-02-21 15:29:51"
"55","11","کابل","Kabul","2026-02-21 15:29:51","2026-02-21 15:29:51"
"56","11","بلخ","Balkh","2026-02-21 15:29:51","2026-02-21 15:29:51"
"57","4","شارجه","Sharjah","2026-02-21 15:29:51","2026-02-21 15:29:51"
"58","3","آدانا","Adana","2026-02-21 15:29:51","2026-02-21 15:29:51"
"59","12","مسکو","Moscow","2026-02-21 15:29:51","2026-02-21 15:29:51"
"60","3","ترابزون","Trabzon","2026-02-21 15:29:51","2026-02-21 15:29:51"
"61","4","ابوظبی",NULL,"2026-02-21 15:29:51","2026-02-21 15:29:51"
"62","13","دمشق","Damascus","2026-02-21 15:29:51","2026-02-21 15:29:51"
"63","14","تاشکند","Tashkent","2026-02-21 15:29:52","2026-02-21 15:29:52"
"64","2","بصره","Basra","2026-02-21 15:29:52","2026-02-21 15:29:52"
"65","15","لبنان",NULL,"2026-02-21 15:29:52","2026-02-21 15:29:52"
"66","16","بحرین","Bahrain","2026-02-21 15:29:52","2026-02-21 15:29:52"
"67","17","کویت","Kuwait","2026-02-21 15:29:52","2026-02-21 15:29:52"
"68","18","لاهور","LAHOR","2026-02-21 15:29:52","2026-02-21 15:29:52"
"69","2","اربیل","Erbil","2026-02-21 15:29:52","2026-02-21 15:29:52"
"70","19","ناحیه‌های تابع جمهوری",NULL,"2026-02-21 15:29:52","2026-02-21 15:29:52"
"71","3","بورسا","Bursa","2026-02-21 15:29:52","2026-02-21 15:29:52"
"72","3","یالووا","Yalova","2026-02-21 15:29:52","2026-02-21 15:29:52"
"73","3","موغلا","Muğla","2026-02-21 15:29:52","2026-02-21 15:29:52"
"74","3","ساکاریا","Sakarya","2026-02-21 15:29:52","2026-02-21 15:29:52"
"75","3","دنیزلی","Denizli","2026-02-21 15:29:52","2026-02-21 15:29:52"
"76","3","اسکی‌شهر","Eskişehir","2026-02-21 15:29:52","2026-02-21 15:29:52"
"77","3","بولو","Bolu","2026-02-21 15:29:52","2026-02-21 15:29:52"
"78","3","اردو","Ordu","2026-02-21 15:29:52","2026-02-21 15:29:52"
"79","3","قوجاایلی","Kocaeli","2026-02-21 15:29:52","2026-02-21 15:29:52"
"80","3","سامسون","Samsun","2026-02-21 15:29:52","2026-02-21 15:29:52"
"81","3","هاتای","Hatay","2026-02-21 15:29:52","2026-02-21 15:29:52"
"82","3","نوشهیر","Nevşehir","2026-02-21 15:29:52","2026-02-21 15:29:52"
"83","3","دیاربکر","Diyarbakır","2026-02-21 15:29:52","2026-02-21 15:29:52"
"84","3","غازی‌آنتپ","Gaziantep","2026-02-21 15:29:52","2026-02-21 15:29:52"
"85","3","قیصریه","Kayseri","2026-02-21 15:29:52","2026-02-21 15:29:52"
"86","3","قهرمان‌مرعش","Kahramanmaraş","2026-02-21 15:29:52","2026-02-21 15:29:52"
"87","3","مرسین","Mersin","2026-02-21 15:29:52","2026-02-21 15:29:52"
"88","3","ماردین","Mardin","2026-02-21 15:29:52","2026-02-21 15:29:52"
"89","3","کارابوک","Karabük","2026-02-21 15:29:52","2026-02-21 15:29:52"
"90","3","شانلی‌اورفا","Şanlıurfa","2026-02-21 15:29:52","2026-02-21 15:29:52"
"91","3","سیواس","Sivas","2026-02-21 15:29:52","2026-02-21 15:29:52"
"92","3","ملاتیا","Malatya","2026-02-21 15:29:52","2026-02-21 15:29:52"
"93","3","مانیسا","Manisa","2026-02-21 15:29:52","2026-02-21 15:29:52"
"94","3","بالیکسیر","Balıkesir","2026-02-21 15:29:52","2026-02-21 15:29:52"
"95","3","ریزه","rize","2026-02-21 15:29:52","2026-02-21 15:29:52"
"96","3","ارزروم","Erzurum","2026-02-21 15:29:52","2026-02-21 15:29:52"
"97","3","آدی‌یامان","Adıyaman","2026-02-21 15:29:52","2026-02-21 15:29:52"
"98","3","آغری","Ağrı","2026-02-21 15:29:52","2026-02-21 15:29:52"
"99","3","باتمان","Batman","2026-02-21 15:29:52","2026-02-21 15:29:52"
"100","3","ارزنجان","Erzincan","2026-02-21 15:29:52","2026-02-21 15:29:52"
"101","3","اسپارتا","Isparta","2026-02-21 15:29:53","2026-02-21 15:29:53"
"102","3","قارص","Kars","2026-02-21 15:29:53","2026-02-21 15:29:53"
"103","3","تکیرداغ","Tekirdağ","2026-02-21 15:29:53","2026-02-21 15:29:53"
"104","3","اوشاک","Uşak","2026-02-21 15:29:53","2026-02-21 15:29:53"
"105","3","چاناق‌قلعه","Çanakkale","2026-02-21 15:29:53","2026-02-21 15:29:53"
"106","3","آق‌سرای","Aksaray","2026-02-21 15:29:53","2026-02-21 15:29:53"
"107","3","الازیغ","Elazığ","2026-02-21 15:29:53","2026-02-21 15:29:53"
"108","3","چانقری","Çankırı","2026-02-21 15:29:53","2026-02-21 15:29:53"
"109","3","قسطمونی","Kastamonu","2026-02-21 15:29:53","2026-02-21 15:29:53"
"110","3","بوردور","Burdur","2026-02-21 15:29:53","2026-02-21 15:29:53"
"111","4","فجیره","Fujairah","2026-02-21 15:29:53","2026-02-21 15:29:53"
"112","4","عجمان","Ajman","2026-02-21 15:29:53","2026-02-21 15:29:53"
"113","4","رأس‌الخیمه","Ras Al Khaimah","2026-02-21 15:29:53","2026-02-21 15:29:53"
"114","4","ام‌القوین","Umm Al Quwain","2026-02-21 15:29:53","2026-02-21 15:29:53"
"115","4","تانزانیا","Tanzania","2026-02-21 15:29:53","2026-02-21 15:29:53"
"116","20","زنگبار","Zanzibar","2026-02-21 15:29:53","2026-02-21 15:29:53"
"117","21","شرم‌الشیخ","Sharm El Sheikh","2026-02-21 15:29:53","2026-02-21 15:29:53"
"118","3","سیعرت","Siirt","2026-02-21 15:29:53","2026-02-21 15:29:53"
"119","3","چوروم","Çorum","2026-02-21 15:29:53","2026-02-21 15:29:53"
"120","3","توکات","Tokat","2026-02-21 15:29:53","2026-02-21 15:29:53"
"121","3","نیغده","Niğde","2026-02-21 15:29:53","2026-02-21 15:29:53"
"122","3","کرکلارایلی","Kırklareli","2026-02-21 15:29:53","2026-02-21 15:29:53"
"123","3","موش","Muş","2026-02-21 15:29:53","2026-02-21 15:29:53"
"124","3","زونگولداغ","Zonguldak","2026-02-21 15:29:53","2026-02-21 15:29:53"
"125","3","آفیون‌قره‌حصار","Afyonkarahisar","2026-02-21 15:29:53","2026-02-21 15:29:53"
"126","3","ادرنه","Edirne","2026-02-21 15:29:53","2026-02-21 15:29:53"
